City_ID,City,Country,Date,Lat,Lng,Max Temp,Humidity,Cloudiness,Wind Speed
0,Korla,CN,2021-10-26 23:55:04,41.7597,86.1469,44.15,44,0,4.23
1,Saint George,US,2021-10-26 23:55:04,37.1041,-113.5841,63.63,35,90,1.99
2,Erenhot,CN,2021-10-26 23:55:06,43.6475,111.9767,39.61,41,0,7.54
3,Raudeberg,NO,2021-10-26 23:55:07,61.9875,5.1352,48.87,86,100,10.0
4,Hobart,AU,2021-10-26 23:52:50,-42.8794,147.3294,64.02,59,0,3.0
5,Tayshet,RU,2021-10-26 23:55:09,55.9342,98.0044,45.48,53,97,11.07
6,Safranbolu,TR,2021-10-26 23:55:09,41.2508,32.6942,41.56,70,0,2.17
7,Ossora,RU,2021-10-26 23:55:11,59.2353,163.0719,26.4,86,82,3.29
8,Itapora,BR,2021-10-26 23:55:11,-22.0799,-54.7874,72.99,67,100,6.33
9,Albany,US,2021-10-26 23:55:11,42.6001,-73.9662,54.63,94,100,10.29
10,Jaranwala,PK,2021-10-26 23:55:13,31.3333,73.4333,66.4,42,22,3.2
11,Ushuaia,AR,2021-10-26 23:51:36,-54.8,-68.3,42.46,65,20,20.71
12,Tallahassee,US,2021-10-26 23:50:52,30.4383,-84.2807,73.24,74,20,5.75
13,Tasiilaq,GL,2021-10-26 23:54:22,65.6145,-37.6368,30.43,80,99,7.18
14,Rikitea,PF,2021-10-26 23:55:15,-23.1203,-134.9692,73.8,86,100,14.14
15,Riyadh,SA,2021-10-26 23:51:14,24.6877,46.7219,77.14,23,0,9.24
16,Saint-Philippe,RE,2021-10-26 23:55:16,-21.3585,55.7679,71.19,78,33,11.36
17,Chuy,UY,2021-10-26 23:55:18,-33.6971,-53.4616,68.63,80,0,7.07
18,Namatanai,PG,2021-10-26 23:55:18,-3.6667,152.4333,85.6,67,48,6.08
19,Ribeira Grande,PT,2021-10-26 23:54:33,38.5167,-28.7,70.84,89,100,22.97
20,Yellowknife,CA,2021-10-26 23:55:20,62.456,-114.3525,40.41,100,90,5.75
21,Bluff,NZ,2021-10-26 23:53:33,-46.6,168.3333,56.26,80,59,2.24
22,Kapaa,US,2021-10-26 23:55:21,22.0752,-159.319,84.18,70,28,1.99
23,Yuzhno-Kurilsk,RU,2021-10-26 23:55:22,44.0306,145.8556,55.29,78,70,7.0
24,Tuktoyaktuk,CA,2021-10-26 23:53:37,69.4541,-133.0374,28.4,100,90,3.44
25,Bathsheba,BB,2021-10-26 23:55:23,13.2167,-59.5167,83.01,69,20,14.97
26,Bubaque,GW,2021-10-26 23:55:24,11.2833,-15.8333,82.24,75,92,8.32
27,Busselton,AU,2021-10-26 23:55:25,-33.65,115.3333,51.04,86,100,10.47
28,Pekalongan,ID,2021-10-26 23:55:25,-6.8886,109.6753,85.01,75,89,2.21
29,Arraial Do Cabo,BR,2021-10-26 23:53:29,-22.9661,-42.0278,73.36,94,90,6.91
30,Sao Joao Da Barra,BR,2021-10-26 23:55:27,-21.6403,-41.0511,73.22,94,100,4.83
31,Yerofey Pavlovich,RU,2021-10-26 23:55:27,53.9667,121.9667,32.95,72,18,3.67
32,Caravelas,BR,2021-10-26 23:54:31,-17.7125,-39.2481,75.6,82,10,7.54
33,Tuatapere,NZ,2021-10-26 23:55:29,-46.1333,167.6833,60.62,75,78,1.36
34,Chokurdakh,RU,2021-10-26 23:55:30,70.6333,147.9167,-4.47,97,98,4.56
35,Hambantota,LK,2021-10-26 23:55:31,6.1241,81.1185,73.74,100,20,0.0
36,Bengkulu,ID,2021-10-26 23:55:32,-3.8004,102.2655,75.87,92,100,10.69
37,Clyde River,CA,2021-10-26 23:55:34,70.4692,-68.5914,22.37,82,81,4.61
38,Hermanus,ZA,2021-10-26 23:55:34,-34.4187,19.2345,65.89,82,100,15.9
39,Tuy Hoa,VN,2021-10-26 23:55:34,13.0833,109.3,77.58,93,100,21.0
40,Laguna,US,2021-10-26 23:54:30,38.421,-121.4238,67.24,61,90,3.0
41,Kysyl-Syr,RU,2021-10-26 23:55:36,63.8986,122.7617,19.02,94,98,8.66
42,Tuim,RU,2021-10-26 23:55:37,54.3417,89.9261,38.8,70,98,14.58
43,Saskylakh,RU,2021-10-26 23:55:38,71.9167,114.0833,0.59,98,100,1.74
44,Mataura,NZ,2021-10-26 23:55:39,-46.1927,168.8643,65.97,55,74,3.33
45,Micheweni,TZ,2021-10-26 23:55:41,-4.9667,39.8333,78.22,85,91,11.01
46,Camacha,PT,2021-10-26 23:55:41,33.0833,-16.3333,66.96,77,40,10.36
47,Halden,NO,2021-10-26 23:55:41,59.1226,11.3871,51.55,91,89,10.31
48,Kruisfontein,ZA,2021-10-26 23:55:43,-34.0033,24.7314,64.89,83,100,17.58
49,Mount Isa,AU,2021-10-26 23:55:43,-20.7333,139.5,92.97,29,40,8.05
50,Puerto Ayora,EC,2021-10-26 23:55:44,-0.7393,-90.3518,68.56,92,90,1.01
51,East London,ZA,2021-10-26 23:53:27,-33.0153,27.9116,67.15,85,98,20.92
52,Aberfoyle,AU,2021-10-26 23:55:45,-30.2667,152.0167,68.52,34,4,6.93
53,Cape Town,ZA,2021-10-26 23:55:46,-33.9258,18.4232,66.88,64,0,4.0
54,Naifaru,MV,2021-10-26 23:55:47,5.4444,73.3657,80.17,80,100,8.52
55,Narsaq,GL,2021-10-26 23:54:10,60.9167,-46.05,30.16,58,12,7.96
56,Sexsmith,CA,2021-10-26 23:55:48,55.35,-118.786,56.55,44,40,5.75
57,Saint-Joseph,RE,2021-10-26 23:53:39,-21.3667,55.6167,70.18,76,31,8.61
58,Fairbanks,US,2021-10-26 23:55:15,64.8378,-147.7164,32.22,91,90,0.0
59,Turkmenabat,TM,2021-10-26 23:55:50,39.0733,63.5786,49.98,66,0,4.61
60,Rio Grande,BR,2021-10-26 23:54:53,-32.035,-52.0986,68.52,77,0,7.23
61,Bonanza,NI,2021-10-26 23:55:52,14.0289,-84.591,73.74,97,79,1.07
62,Evensk,RU,2021-10-26 23:55:53,61.95,159.2333,13.19,74,2,6.04
63,La Ronge,CA,2021-10-26 23:55:54,55.1001,-105.2842,43.05,87,90,6.91
64,Kangalassy,RU,2021-10-26 23:55:55,62.3464,129.9628,22.93,95,98,3.44
65,Hithadhoo,MV,2021-10-26 23:55:55,-0.6,73.0833,83.59,70,100,15.37
66,Kangaatsiaq,GL,2021-10-26 23:55:41,68.3065,-53.4641,16.57,72,58,9.46
67,Souillac,MU,2021-10-26 23:55:57,-20.5167,57.5167,73.36,78,8,12.35
68,Mayor Pablo Lagerenza,PY,2021-10-26 23:55:58,-19.9309,-60.7718,76.14,38,0,5.99
69,Altamira,BR,2021-10-26 23:55:59,-3.2033,-52.2064,74.41,96,87,3.85
70,Esperance,AU,2021-10-26 23:54:35,-33.8667,121.9,55.24,64,20,10.38
71,Port Elizabeth,ZA,2021-10-26 23:56:00,-33.918,25.5701,67.1,88,90,17.27
72,Hilo,US,2021-10-26 23:56:02,19.7297,-155.09,78.8,90,32,4.0
73,Bontang,ID,2021-10-26 23:56:03,0.1333,117.5,81.28,80,75,6.71
74,Chernyy Yar,RU,2021-10-26 23:56:04,48.0624,46.1091,33.75,62,7,5.68
75,Moengo,SR,2021-10-26 23:56:04,5.6167,-54.4,76.59,91,61,4.81
76,Punta Arenas,CL,2021-10-26 23:56:06,-53.15,-70.9167,46.51,57,0,19.57
77,Lagoa,PT,2021-10-26 23:55:50,39.05,-27.9833,69.62,88,100,28.54
78,Oistins,BB,2021-10-26 23:55:53,13.0667,-59.5333,82.49,69,20,14.97
79,Gravdal,NO,2021-10-26 23:56:07,68.1214,13.5031,42.46,86,100,2.89
80,Bandarbeyla,SO,2021-10-26 23:56:08,9.4942,50.8122,76.64,81,61,2.42
81,Hamilton,US,2021-10-26 23:56:06,39.1834,-84.5333,51.03,74,2,5.77
82,Nome,US,2021-10-26 23:54:37,64.5011,-165.4064,24.17,79,86,2.37
83,Mahebourg,MU,2021-10-26 23:56:09,-20.4081,57.7,73.26,74,17,14.67
84,Nikolskoye,RU,2021-10-26 23:56:11,59.7035,30.7861,44.4,94,100,7.81
85,Cherskiy,RU,2021-10-26 23:56:11,68.75,161.3,-15.57,99,95,4.14
86,Vao,NC,2021-10-26 23:56:13,-22.6667,167.4833,72.82,84,100,10.45
87,Palana,RU,2021-10-26 23:56:13,59.1167,159.9667,29.66,96,100,4.94
88,Lompoc,US,2021-10-26 23:52:36,34.6391,-120.4579,74.41,62,1,13.8
89,Ust-Ilimsk,RU,2021-10-26 23:56:15,58.0006,102.6619,40.75,71,100,12.57
90,Mar Del Plata,AR,2021-10-26 23:56:16,-38.0023,-57.5575,63.88,66,0,5.01
91,Kaitangata,NZ,2021-10-26 23:53:54,-46.2817,169.8464,61.21,68,90,5.1
92,Narasannapeta,IN,2021-10-26 23:56:17,18.4167,84.05,72.52,85,2,6.73
93,Lobito,AO,2021-10-26 23:56:18,-12.3481,13.5456,73.31,77,57,7.25
94,Codrington,AU,2021-10-26 23:56:18,-38.2667,141.9667,68.7,50,2,17.38
95,Lodja,CD,2021-10-26 23:56:20,-3.4833,23.4333,69.46,99,96,2.62
96,Ahipara,NZ,2021-10-26 23:56:20,-35.1667,173.1667,68.29,67,100,7.29
97,Kodiak,US,2021-10-26 23:56:21,57.79,-152.4072,40.28,67,100,13.06
98,Kandrian,PG,2021-10-26 23:56:22,-6.2167,149.55,86.43,67,78,7.67
99,Ambovombe,MG,2021-10-26 23:56:23,-25.1667,46.0833,76.21,56,51,6.06
100,Predivinsk,RU,2021-10-26 23:56:24,57.0669,93.4378,43.02,64,100,16.62
101,Pisco,PE,2021-10-26 23:56:25,-13.7,-76.2167,62.65,77,0,18.41
102,Mgandu,TZ,2021-10-26 23:56:27,-5.95,34.1333,65.21,72,34,10.71
103,Hirara,JP,2021-10-26 23:56:27,24.8,125.2833,76.86,64,20,9.22
104,Datong,CN,2021-10-26 23:56:27,40.0936,113.2914,41.86,39,0,1.63
105,Thompson,CA,2021-10-26 23:56:29,55.7435,-97.8558,35.76,100,90,4.61
106,Vaini,TO,2021-10-26 23:53:56,-21.2,-175.2,77.16,83,40,14.97
107,Strezhevoy,RU,2021-10-26 23:56:31,60.7333,77.5889,22.98,84,96,19.04
108,Key Largo,US,2021-10-26 23:56:32,25.0865,-80.4473,82.02,82,42,13.27
109,Avarua,CK,2021-10-26 23:56:33,-21.2078,-159.775,78.85,65,20,13.8
110,Bangassou,CF,2021-10-26 23:56:34,4.7413,22.8184,68.95,99,99,1.23
111,Yumen,CN,2021-10-26 23:56:34,40.2833,97.2,34.32,77,0,4.16
112,Saint-Augustin,CA,2021-10-26 23:56:36,51.226,-58.6502,39.88,69,3,5.93
113,Yershichi,RU,2021-10-26 23:56:36,53.6725,32.7542,37.96,65,100,9.91
114,Torbay,CA,2021-10-26 23:55:22,47.6666,-52.7314,40.39,90,90,3.44
115,Half Moon Bay,US,2021-10-26 23:56:38,37.4636,-122.4286,67.57,67,71,3.58
116,Dikson,RU,2021-10-26 23:56:39,73.5069,80.5464,12.85,91,100,8.05
117,Port Alfred,ZA,2021-10-26 23:54:12,-33.5906,26.891,66.34,86,93,27.72
118,Hami,CN,2021-10-26 23:55:52,42.8,93.45,46.27,35,0,0.56
119,Chinsali,ZM,2021-10-26 23:56:41,-10.5414,32.0816,69.58,61,16,6.17
120,Ascension,US,2021-10-26 23:56:41,30.2169,-90.9001,78.8,72,1,3.44
121,Victoria,HK,2021-10-26 23:56:17,22.2855,114.1577,79.25,81,99,8.99
122,Bukan,IR,2021-10-26 23:56:43,36.521,46.2089,45.36,62,99,3.22
123,Portland,US,2021-10-26 23:53:16,45.5234,-122.6762,56.61,90,75,1.99
124,Roebourne,AU,2021-10-26 23:56:44,-20.7833,117.1333,78.66,22,0,6.85
125,Atuona,PF,2021-10-26 23:56:45,-9.8,-139.0333,77.77,67,9,13.53
126,Menomonie,US,2021-10-26 23:56:46,44.8755,-91.9193,51.44,53,21,4.61
127,Puerto Rondon,CO,2021-10-26 23:56:47,6.2805,-71.1,74.44,95,100,0.81
128,Airai,TL,2021-10-26 23:56:48,-8.9266,125.4092,73.87,47,85,2.15
129,Yar-Sale,RU,2021-10-26 23:56:50,66.8333,70.8333,17.17,92,83,9.78
130,Hervey Bay,AU,2021-10-26 23:56:50,-25.2986,152.8535,84.04,72,31,8.41
131,Ewo,CG,2021-10-26 23:56:51,-0.8725,14.8206,72.14,94,77,2.66
132,Luderitz,NA,2021-10-26 23:56:52,-26.6481,15.1594,57.11,92,5,2.68
133,Kurush,RU,2021-10-26 23:56:52,41.2841,47.8345,17.49,42,21,1.81
134,Makokou,GA,2021-10-26 23:56:53,0.5738,12.8642,68.83,99,98,2.15
135,Carutapera,BR,2021-10-26 23:56:54,-1.195,-46.02,79.63,77,21,8.79
136,San Cristobal,VE,2021-10-26 23:56:55,7.7669,-72.225,73.58,99,69,3.04
137,Abu Samrah,SY,2021-10-26 23:56:57,35.3029,37.1841,63.27,42,55,3.98
138,Yarada,IN,2021-10-26 23:56:57,17.65,83.2667,80.92,69,31,5.75
139,Butaritari,KI,2021-10-26 23:53:41,3.0707,172.7902,82.58,73,24,10.67
140,Senneterre,CA,2021-10-26 23:56:59,48.3835,-77.2328,43.02,70,100,7.47
141,Los Llanos De Aridane,ES,2021-10-26 23:56:59,28.6585,-17.9182,67.75,79,90,7.0
142,Waterloo,CA,2021-10-26 23:57:00,43.4668,-80.5164,43.65,90,90,10.0
143,Constitucion,CL,2021-10-26 23:54:46,-35.3333,-72.4167,54.03,89,18,16.2
144,Picos,BR,2021-10-26 23:57:01,-7.0769,-41.4669,88.54,29,79,6.76
145,Severo-Kurilsk,RU,2021-10-26 23:53:58,50.6789,156.125,46.15,84,100,3.71
146,Bud,US,2021-10-26 23:57:04,39.447,-86.1758,50.22,82,1,5.73
147,Broome,US,2021-10-26 23:57:04,42.2506,-75.833,54.46,80,90,1.99
148,Svetlogorsk,BY,2021-10-26 23:53:26,52.6333,29.7333,39.36,62,100,10.09
149,La Palma,US,2021-10-26 23:57:06,33.8464,-118.0467,74.82,55,20,5.01
150,Turbat,PK,2021-10-26 23:57:06,26.0023,63.044,74.8,61,2,2.21
151,Castro,BR,2021-10-26 23:57:08,-24.7911,-50.0119,59.65,87,99,6.71
152,Yekimovichi,RU,2021-10-26 23:57:09,54.1129,33.2965,37.98,67,100,10.29
153,Qaanaaq,GL,2021-10-26 23:57:05,77.484,-69.3632,18.99,94,100,13.91
154,Enumclaw,US,2021-10-26 23:57:10,47.2043,-121.9915,53.89,89,100,3.0
155,Leningradskiy,RU,2021-10-26 23:56:06,69.3833,178.4167,9.19,93,100,22.39
156,Atasu,KZ,2021-10-26 23:57:11,48.6814,71.6433,36.64,90,100,12.53
157,La Esperanza,GT,2021-10-26 23:57:13,14.8667,-91.5667,69.15,89,40,0.0
158,San Patricio,US,2021-10-26 23:57:13,28.017,-97.5169,84.18,77,64,15.35
159,Duluth,US,2021-10-26 23:57:15,46.7833,-92.1066,47.68,77,1,8.01
160,Geraldton,AU,2021-10-26 23:57:15,-28.7667,114.6,61.21,77,75,23.02
161,Jamestown,US,2021-10-26 23:54:13,42.097,-79.2353,44.19,96,90,5.01
162,Hecun,CN,2021-10-26 23:57:17,36.5333,114.1111,55.26,55,75,2.82
163,New Norfolk,AU,2021-10-26 23:57:18,-42.7826,147.0587,63.66,45,5,3.76
164,Lebu,CL,2021-10-26 23:57:20,-37.6167,-73.65,52.63,84,0,15.75
165,Jurbarkas,LT,2021-10-26 23:57:20,55.0778,22.7664,48.9,87,98,12.75
166,Dubai,AE,2021-10-26 23:56:33,25.2582,55.3047,82.22,63,0,5.88
167,Idaho Falls,US,2021-10-26 23:57:22,43.4666,-112.0341,46.99,68,58,5.01
168,Zhigansk,RU,2021-10-26 23:57:23,66.7697,123.3711,17.53,94,100,13.09
169,Telde,ES,2021-10-26 23:57:24,27.9924,-15.4192,69.04,74,40,5.01
170,Armenia,AM,2021-10-26 23:57:25,40.0,45.0,21.72,33,0,7.11
171,Loudeac,FR,2021-10-26 23:57:25,48.1783,-2.7543,56.08,97,91,8.08
172,Ketchikan,US,2021-10-26 23:57:27,55.3422,-131.6461,45.23,89,100,11.95
173,Uyar,RU,2021-10-26 23:57:27,55.81,94.3153,47.88,49,100,20.6
174,Aripuana,BR,2021-10-26 23:57:27,-9.1667,-60.6333,72.68,87,73,2.51
175,Ilulissat,GL,2021-10-26 23:57:29,69.2167,-51.1,-1.28,80,31,5.28
176,Saint-Pierre,RE,2021-10-26 23:57:29,-21.3393,55.4781,71.28,56,0,5.75
177,San Quintin,MX,2021-10-26 23:57:30,30.4833,-115.95,64.35,66,0,22.06
178,Kargasok,RU,2021-10-26 23:57:31,59.0556,80.8572,24.51,76,98,21.47
179,Bredasdorp,ZA,2021-10-26 23:57:32,-34.5322,20.0403,63.72,86,100,16.55
180,Mecca,SA,2021-10-26 23:55:23,21.4267,39.8261,79.54,54,2,2.98
181,Songjianghe,CN,2021-10-26 23:57:33,42.1859,127.479,39.06,76,7,4.5
182,Barras,BR,2021-10-26 23:53:34,-4.2444,-42.2944,81.86,62,66,8.55
183,Vaitape,PF,2021-10-26 23:57:34,-16.5167,-151.75,78.64,77,84,7.43
184,Loandjili,CG,2021-10-26 23:57:36,-4.7561,11.8578,78.91,89,90,11.5
185,Tiksi,RU,2021-10-26 23:57:36,71.6872,128.8694,13.62,95,100,1.25
186,Cap Malheureux,MU,2021-10-26 23:54:44,-19.9842,57.6142,73.47,70,4,7.0
187,Tautira,PF,2021-10-26 23:57:38,-17.7333,-149.15,84.22,80,58,8.66
188,Qaqortoq,GL,2021-10-26 23:57:38,60.7167,-46.0333,32.9,61,20,6.98
189,Gat,IL,2021-10-26 23:57:39,31.61,34.7642,67.41,71,0,4.76
190,Batagay-Alyta,RU,2021-10-26 23:57:40,67.8006,130.4114,7.68,88,100,3.65
191,Tari,NG,2021-10-26 23:57:41,12.4086,4.4914,82.45,36,70,6.58
192,Finschhafen,PG,2021-10-26 23:57:41,-6.6024,147.8681,85.46,64,94,11.01
193,Lulea,SE,2021-10-26 23:57:43,65.5842,22.1547,30.27,93,90,8.05
194,Visby,SE,2021-10-26 23:53:31,57.6409,18.296,48.85,93,20,13.8
195,Savonlinna,FI,2021-10-26 23:57:43,61.8699,28.88,46.45,93,90,6.91
196,Gladstone,AU,2021-10-26 23:55:40,-23.85,151.25,85.78,70,7,8.95
197,Portree,GB,2021-10-26 23:57:47,57.4129,-6.1942,54.86,94,99,12.55
198,Goderich,CA,2021-10-26 23:57:48,43.7501,-81.7165,46.9,81,100,11.5
199,Deputatskiy,RU,2021-10-26 23:56:21,69.3,139.9,1.44,94,100,2.68
200,Port Hardy,CA,2021-10-26 23:55:54,50.6996,-127.4199,48.38,87,90,11.5
201,Darnah,LY,2021-10-26 23:57:50,32.767,22.6367,69.42,82,8,12.97
202,Takaka,NZ,2021-10-26 23:57:50,-40.85,172.8,61.56,45,100,10.47
203,Albanel,CA,2021-10-26 23:57:52,48.8832,-72.4487,44.74,57,100,6.91
204,Longyearbyen,SJ,2021-10-26 23:54:44,78.2186,15.6401,15.64,79,75,9.22
205,Saint-Raymond,CA,2021-10-26 23:57:53,45.467,-73.6095,52.83,77,90,10.36
206,Elizabeth City,US,2021-10-26 23:57:54,36.2946,-76.2511,64.6,64,54,17.29
207,Ankazoabo,MG,2021-10-26 23:57:55,-22.2833,44.5167,75.65,49,40,5.59
208,Ayan,RU,2021-10-26 23:55:45,56.45,138.1667,36.34,99,100,13.0
209,Vostok,RU,2021-10-26 23:57:56,46.4856,135.8833,36.81,93,99,1.23
210,Shirwal,IN,2021-10-26 23:57:57,18.1333,73.9833,66.76,63,0,3.0
211,Bambous Virieux,MU,2021-10-26 23:55:08,-20.3428,57.7575,73.22,73,24,14.88
212,Klyuchi,RU,2021-10-26 23:57:59,52.2667,79.1667,31.66,60,100,6.08
213,Road Town,VG,2021-10-26 23:57:59,18.4167,-64.6167,82.2,94,40,0.0
214,Talnakh,RU,2021-10-26 23:54:54,69.4865,88.3972,9.07,93,100,2.64
215,Trinidad,BO,2021-10-26 23:58:01,-14.8333,-64.9,84.18,65,95,0.0
216,Alofi,NU,2021-10-26 23:58:02,-19.0595,-169.9187,80.49,65,75,18.41
217,Makat,KZ,2021-10-26 23:58:03,47.6469,53.3463,33.93,59,0,6.49
218,Tonantins,BR,2021-10-26 23:58:04,-2.8731,-67.8022,75.2,98,96,2.42
219,Russkiy,RU,2021-10-26 23:58:04,43.0147,131.8642,48.06,60,87,15.9
220,Lorengau,PG,2021-10-26 23:58:06,-2.0226,147.2712,85.69,65,28,4.07
221,Owando,CG,2021-10-26 23:58:06,-0.4819,15.8999,70.86,98,47,2.08
222,Makakilo City,US,2021-10-26 23:58:07,21.3469,-158.0858,82.69,61,41,9.53
223,Cabimas,VE,2021-10-26 23:56:19,10.3883,-71.4399,83.86,73,68,10.8
224,San Pedro,PH,2021-10-26 23:58:08,14.35,121.0167,85.32,77,75,0.0
225,Sibi,PK,2021-10-26 23:58:09,29.5448,67.8764,71.1,32,0,4.34
226,Pangnirtung,CA,2021-10-26 23:58:10,66.1451,-65.7125,25.95,90,87,6.69
227,Chabahar,IR,2021-10-26 23:57:08,25.2919,60.643,77.54,80,1,4.14
228,Ha Giang,VN,2021-10-26 23:58:11,22.8333,104.9833,71.13,89,100,0.47
229,Bandrele,YT,2021-10-26 23:58:13,-12.9067,45.1914,78.55,83,40,4.61
230,Praya,CV,2021-10-26 23:58:13,14.9215,-23.5087,79.34,78,0,16.11
231,Rocha,UY,2021-10-26 23:58:13,-34.4833,-54.3333,67.39,81,0,5.99
232,Prieska,ZA,2021-10-26 23:58:15,-29.6641,22.7474,72.21,42,1,5.73
233,Necochea,AR,2021-10-26 23:58:15,-38.5473,-58.7368,61.12,47,10,11.14
234,Douentza,ML,2021-10-26 23:58:16,14.9951,-2.9517,86.25,19,23,2.46
235,Tygda,RU,2021-10-26 23:58:17,53.1167,126.3333,34.5,84,100,4.05
236,Rangia,IN,2021-10-26 23:58:18,26.4667,91.6333,71.55,87,0,5.06
237,Lasem,ID,2021-10-26 23:58:18,-6.6922,111.4527,81.82,74,100,5.82
238,Chapais,CA,2021-10-26 23:58:20,49.7834,-74.8492,38.98,73,100,5.64
239,Honiara,SB,2021-10-26 23:58:20,-9.4333,159.95,87.67,62,56,3.56
240,Fort Frances,CA,2021-10-26 23:54:05,48.5999,-93.4003,44.06,70,96,3.0
241,Khanpur,PK,2021-10-26 23:58:22,28.6453,70.6567,70.97,36,0,3.89
242,Ialibu,PG,2021-10-26 23:58:22,-6.2821,143.9935,63.23,89,100,2.04
243,Lasa,IT,2021-10-26 23:57:08,46.6166,10.7002,37.36,75,33,2.66
244,Ponta Do Sol,PT,2021-10-26 23:58:24,32.6667,-17.1,70.43,58,13,4.85
245,Byron Bay,AU,2021-10-26 23:57:53,-28.65,153.6167,80.06,67,77,2.55
246,Saint-Francois,FR,2021-10-26 23:54:26,46.4154,3.9054,40.48,100,90,1.14
247,Labuhan,ID,2021-10-26 23:58:26,-6.8844,112.2051,81.7,75,93,9.75
248,Puerto Narino,CO,2021-10-26 23:58:27,-3.7703,-70.3831,80.55,98,98,2.75
249,Najran,SA,2021-10-26 23:56:23,17.4924,44.1277,63.25,17,1,1.57
250,Vila Velha,BR,2021-10-26 23:53:35,-20.3297,-40.2925,75.15,94,20,5.75
251,Vredendal,ZA,2021-10-26 23:58:29,-31.6683,18.5012,74.01,29,21,4.79
252,Iqaluit,CA,2021-10-26 23:58:30,63.7506,-68.5145,29.93,86,75,8.99
253,Borova,UA,2021-10-26 23:58:31,50.1763,30.1043,40.33,84,7,9.57
254,Axim,GH,2021-10-26 23:58:32,4.8699,-2.2405,77.72,87,100,5.55
255,Oktyabrskiy,RU,2021-10-26 23:58:33,54.4815,53.471,30.61,75,62,11.65
256,Matamoros,MX,2021-10-26 23:58:34,25.5333,-103.25,84.09,24,2,7.4
257,Bonavista,CA,2021-10-26 23:58:34,48.6499,-53.1147,41.11,71,60,10.33
258,Barrow,US,2021-10-26 23:53:48,71.2906,-156.7887,21.22,86,90,8.05
259,Murdochville,CA,2021-10-26 23:58:36,48.9583,-65.5006,31.08,73,20,2.64
260,Gizo,SB,2021-10-26 23:58:36,-8.103,156.8419,84.18,69,5,7.18
261,Katsuura,JP,2021-10-26 23:54:03,35.1333,140.3,62.19,78,98,10.09
262,Santona,ES,2021-10-26 23:58:38,43.4439,-3.4576,56.91,80,87,6.17
263,Komsomolskiy,UZ,2021-10-26 23:58:39,40.4272,71.7189,49.42,49,95,6.91
264,Egvekinot,RU,2021-10-26 23:58:40,66.3167,-179.1667,5.07,84,94,5.32
265,Sinnamary,GF,2021-10-26 23:56:24,5.3833,-52.95,78.71,89,78,11.18
266,Boromo,BF,2021-10-26 23:58:41,11.75,-2.9333,83.35,39,14,4.5
267,Grand-Bourg,GP,2021-10-26 23:58:43,15.8835,-61.3148,78.75,67,31,12.62
268,Vestmannaeyjar,IS,2021-10-26 23:58:43,63.4427,-20.2734,44.87,89,100,35.05
269,Qurayyat,SA,2021-10-26 23:58:39,31.3318,37.3428,60.98,77,0,9.22
270,Nampula,MZ,2021-10-26 23:53:52,-15.1165,39.2666,73.35,88,40,3.44
271,Mehamn,NO,2021-10-26 23:58:31,71.0357,27.8492,32.5,58,95,22.41
272,Grand Island,US,2021-10-26 23:58:45,40.925,-98.342,59.95,88,90,17.27
273,Amarpur,IN,2021-10-26 23:58:46,25.0333,86.9,71.85,71,26,3.38
274,Zamora,EC,2021-10-26 23:56:06,-4.0692,-78.9567,68.5,98,100,2.71
275,Luganville,VU,2021-10-26 23:58:47,-15.5333,167.1667,84.18,72,14,7.96
276,Mujiayingzi,CN,2021-10-26 23:58:48,42.1167,118.7833,41.49,51,0,7.47
277,Khani,GE,2021-10-26 23:58:49,41.9563,42.9566,33.37,72,1,6.51
278,Parbhani,IN,2021-10-26 23:58:50,19.2667,76.7833,66.56,69,0,4.45
279,Buala,SB,2021-10-26 23:54:07,-8.145,159.5921,86.49,66,62,4.54
280,Nabire,ID,2021-10-26 23:58:52,-3.3667,135.4833,84.25,70,34,1.1
281,Dire Dawa,ET,2021-10-26 23:58:52,9.5931,41.8661,69.08,63,1,4.29
282,Abu Kamal,SY,2021-10-26 23:58:53,34.4506,40.9171,67.69,31,37,5.01
283,Pervomayskoye,RU,2021-10-26 23:58:54,43.919,46.7102,36.32,59,4,4.68
284,Elk City,US,2021-10-26 23:58:54,35.412,-99.4043,79.02,61,1,23.02
285,Oktyabrskoye,RU,2021-10-26 23:58:55,43.0645,44.7417,30.34,100,5,6.71
286,Tra Vinh,VN,2021-10-26 23:56:28,9.9347,106.3453,75.85,88,100,4.94
287,Port-Gentil,GA,2021-10-26 23:58:57,-0.7193,8.7815,76.96,94,90,9.22
288,Jackson,US,2021-10-26 23:55:02,42.4165,-122.8345,60.37,80,99,1.01
289,Saldanha,ZA,2021-10-26 23:58:59,-33.0117,17.9442,65.12,64,63,8.63
290,Shaoguan,CN,2021-10-26 23:58:59,24.8,113.5833,66.72,75,74,2.68
291,Hay River,CA,2021-10-26 23:58:46,60.8156,-115.7999,40.98,87,75,6.91
292,Bennington,US,2021-10-26 23:56:50,42.8781,-73.1968,53.1,89,100,8.55
293,Sao Filipe,CV,2021-10-26 23:59:01,14.8961,-24.4956,79.41,76,86,9.01
294,Isangel,VU,2021-10-26 23:58:24,-19.55,169.2667,82.22,71,24,5.77
295,Carnarvon,AU,2021-10-26 23:54:11,-24.8667,113.6333,68.07,56,90,10.36
296,Archidona,ES,2021-10-26 23:59:04,37.0965,-4.3887,57.67,81,58,3.44
297,Karratha,AU,2021-10-26 23:56:46,-20.7377,116.8463,76.93,25,0,9.69
298,Fort Nelson,CA,2021-10-26 23:59:06,58.8053,-122.7002,31.59,100,90,3.44
299,Kuytun,RU,2021-10-26 23:59:06,54.3419,101.5036,34.07,78,89,4.56
300,Port Hedland,AU,2021-10-26 23:59:08,-20.3167,118.5667,80.65,28,0,10.36
301,Ulagan,RU,2021-10-26 23:59:08,50.6321,87.9563,30.99,64,84,2.35
302,Nioaque,BR,2021-10-26 23:59:09,-21.1353,-55.83,77.16,55,100,4.97
303,Padang,ID,2021-10-26 23:59:10,-0.9492,100.3543,75.25,89,100,3.31
304,Meadow Lake,US,2021-10-26 23:59:11,34.8014,-106.5436,59.49,22,36,23.78
305,Tokur,RU,2021-10-26 23:59:11,53.1333,132.9,29.86,96,100,2.01
306,Khandbari,NP,2021-10-26 23:59:13,27.3747,87.2039,59.79,79,38,2.62
307,Bethel,US,2021-10-26 23:59:13,41.3712,-73.414,60.51,92,90,4.0
308,Nanortalik,GL,2021-10-26 23:59:13,60.1432,-45.2371,35.76,66,91,3.8
309,Kokorevka,RU,2021-10-26 23:59:15,52.5872,34.2778,36.43,74,99,9.48
310,Batticaloa,LK,2021-10-26 23:59:15,7.7102,81.6924,77.65,85,100,8.5
311,Bathurst,AU,2021-10-26 23:54:54,-33.4166,149.5806,67.84,58,27,1.99
312,Seoul,KR,2021-10-26 23:55:07,37.5683,126.9778,56.64,85,75,8.05
313,Banda Aceh,ID,2021-10-26 23:55:03,5.5577,95.3222,78.53,81,100,8.52
314,Yeniseysk,RU,2021-10-26 23:59:18,58.4497,92.1703,35.96,68,95,16.69
315,Vila Franca Do Campo,PT,2021-10-26 23:58:14,37.7167,-25.4333,70.21,86,31,13.67
316,Taoudenni,ML,2021-10-26 23:59:20,22.6783,-3.9836,89.33,15,97,6.31
317,Flinders,AU,2021-10-26 23:56:53,-34.5833,150.8552,74.17,64,56,4.0
318,Polur,IN,2021-10-26 23:59:20,12.5,79.1333,73.0,90,63,3.42
319,Pedernales,DO,2021-10-26 23:59:22,18.0384,-71.744,80.71,72,37,4.7
320,Koulamoutou,GA,2021-10-26 23:59:22,-1.1303,12.4736,70.93,99,96,1.39
321,Provideniya,RU,2021-10-26 23:59:24,64.3833,-173.3,19.51,68,90,6.71
322,Varzea Da Palma,BR,2021-10-26 23:59:24,-17.5981,-44.7308,78.01,65,93,6.96
323,Tilichiki,RU,2021-10-26 23:55:14,60.4667,166.1,8.98,85,8,5.88
324,Cururupu,BR,2021-10-26 23:58:30,-1.8283,-44.8683,77.54,84,11,4.27
325,Smithers,CA,2021-10-26 23:59:27,54.7804,-127.1743,46.72,71,90,5.75
326,Tessalit,ML,2021-10-26 23:59:27,20.1986,1.0114,82.27,17,55,7.9
327,Gumdag,TM,2021-10-26 23:59:29,39.2061,54.5906,50.7,78,100,4.88
328,Cayenne,GF,2021-10-26 23:59:29,4.9333,-52.3333,81.09,86,40,5.99
329,Namibe,AO,2021-10-26 23:59:29,-15.1961,12.1522,63.99,77,33,7.92
330,Vardo,NO,2021-10-26 23:59:31,70.3705,31.1107,35.11,59,100,24.34
331,Moron,AR,2021-10-26 23:59:22,-34.6534,-58.6198,82.99,49,3,4.81
332,Jambi,ID,2021-10-26 23:59:32,-1.6,103.6167,76.28,93,92,2.26
333,Khatanga,RU,2021-10-26 23:58:01,71.9667,102.5,-8.48,100,97,2.66
334,Nisia Floresta,BR,2021-10-26 23:59:33,-6.0911,-35.2086,77.38,75,2,10.02
335,Hereford,GB,2021-10-26 23:59:34,52.0568,-2.7148,60.06,88,100,17.83
336,Rawson,AR,2021-10-26 23:59:36,-43.3002,-65.1023,69.66,33,60,17.78
337,Bagan,RU,2021-10-26 23:59:36,54.1001,77.6646,27.32,73,16,7.72
338,Shumskiy,RU,2021-10-26 23:59:38,54.8318,99.1328,40.42,59,87,3.42
339,Kavaratti,IN,2021-10-26 23:59:38,10.5669,72.642,81.57,75,72,14.54
340,Gao,ML,2021-10-26 23:59:39,16.6362,1.637,84.47,13,20,7.18
341,Tulun,RU,2021-10-26 23:59:40,54.5611,100.5792,34.93,75,92,1.74
342,Shakawe,BW,2021-10-26 23:59:41,-18.3667,21.85,72.16,67,77,5.32
343,Taltal,CL,2021-10-26 23:59:41,-25.4,-70.4833,59.63,81,15,1.95
344,Correntina,BR,2021-10-26 23:59:43,-13.3433,-44.6367,77.94,65,58,7.31
345,Port Lincoln,AU,2021-10-26 23:59:43,-34.7333,135.8667,68.63,62,91,5.26
346,Mount Gambier,AU,2021-10-26 23:59:45,-37.8333,140.7667,69.71,32,39,13.8
347,Talaya,RU,2021-10-26 23:59:45,61.3833,152.75,3.47,85,29,1.5
348,Palmas,BR,2021-10-26 23:55:54,-10.2128,-48.3603,82.27,83,20,4.61
349,Sioux Lookout,CA,2021-10-26 23:59:47,50.1001,-91.917,39.58,65,75,8.05
350,Cabo San Lucas,MX,2021-10-26 23:58:44,22.8909,-109.9124,85.6,69,1,13.38
351,Andros,GR,2021-10-26 23:59:48,37.8333,24.9333,60.73,62,8,11.01
352,Juybar,IR,2021-10-26 23:59:49,36.6412,52.9124,56.44,88,100,5.95
353,Tommot,RU,2021-10-26 23:59:50,58.9564,126.2925,31.32,96,98,2.48
354,Nishihara,JP,2021-10-26 23:59:50,26.1842,127.7558,76.28,53,20,10.36
355,Alice,US,2021-10-26 23:59:52,27.7523,-98.0697,83.93,76,75,17.27
356,Brae,GB,2021-10-26 23:59:52,60.3964,-1.353,53.51,90,100,22.46
357,Nemuro,JP,2021-10-26 23:59:52,43.3236,145.575,55.83,78,50,4.72
358,Ulcinj,ME,2021-10-26 23:59:54,41.9294,19.2244,46.62,58,52,6.33
359,Porto Torres,IT,2021-10-26 23:59:54,40.835,8.3972,50.18,82,1,4.34
360,Ostrovnoy,RU,2021-10-26 23:59:55,68.0531,39.5131,30.74,88,100,17.43
361,Ambilobe,MG,2021-10-26 23:59:56,-13.2,49.05,68.97,81,1,3.65
362,Nazca,PE,2021-10-26 23:59:57,-14.8333,-74.95,72.03,49,13,3.49
363,Kavieng,PG,2021-10-26 23:56:03,-2.5744,150.7967,84.88,66,89,5.03
364,Georgetown,MY,2021-10-26 23:59:59,5.4112,100.3354,78.89,91,20,1.01
365,Biaora,IN,2021-10-26 23:59:59,23.8667,76.9167,69.06,64,61,7.61
366,Melo,UY,2021-10-27 00:00:01,-32.3667,-54.1833,67.6,86,0,5.93
367,Harper,LR,2021-10-27 00:00:02,4.375,-7.7169,77.16,89,100,6.38
368,Wanning,CN,2021-10-27 00:00:03,18.8003,110.3967,75.58,92,100,9.53
369,Kulykiv,UA,2021-10-27 00:00:07,50.3142,24.8176,34.68,68,100,7.47
370,Richards Bay,ZA,2021-10-27 00:00:09,-28.783,32.0377,66.06,90,100,5.44
371,Le Vauclin,MQ,2021-10-27 00:00:10,14.5452,-60.8388,79.84,83,0,4.61
372,Asau,RO,2021-10-27 00:00:12,46.4333,26.4,36.52,56,0,5.44
373,Nadym,RU,2021-10-27 00:00:15,65.5333,72.5167,16.27,94,61,9.04
374,Melfi,IT,2021-10-27 00:00:17,40.9965,15.6514,53.49,83,100,3.06
375,Gnjilane,XK,2021-10-27 00:00:18,42.4604,21.4699,41.58,85,0,1.88
376,Amga,RU,2021-10-27 00:00:19,60.8953,131.9608,31.98,88,100,1.97
377,Ati,TD,2021-10-27 00:00:20,13.2154,18.3353,85.82,16,48,7.16
378,Carbonia,IT,2021-10-27 00:00:22,39.1672,8.5222,59.99,83,100,3.56
379,Faanui,PF,2021-10-27 00:00:22,-16.4833,-151.75,78.66,77,84,7.58
380,Bonfim,BR,2021-10-27 00:00:24,3.0833,-59.95,77.92,79,95,2.84
381,Ancud,CL,2021-10-27 00:00:25,-41.8697,-73.8203,53.42,92,94,5.57
382,Sundumbili,ZA,2021-10-27 00:00:26,-29.1337,31.3975,65.86,93,100,5.82
383,Pokaran,IN,2021-10-27 00:00:27,26.9167,71.9167,72.93,30,0,6.51
384,Fortuna,US,2021-10-26 23:59:43,40.5982,-124.1573,59.36,68,90,1.01
385,Inzhavino,RU,2021-10-27 00:00:29,52.3185,42.4937,34.29,59,97,10.13
386,Kaeo,NZ,2021-10-27 00:00:31,-35.1,173.7833,71.33,76,100,6.17
387,Conde,BR,2021-10-27 00:00:31,-7.2597,-34.9075,75.58,73,11,9.51
388,Praia Da Vitoria,PT,2021-10-26 23:59:24,38.7333,-27.0667,71.76,88,40,24.52
389,Millet,CA,2021-10-27 00:00:33,53.1001,-113.4687,52.36,46,21,3.51
390,Pangody,RU,2021-10-27 00:00:34,65.85,74.4859,13.73,94,44,7.56
391,Kahului,US,2021-10-27 00:00:35,20.8947,-156.47,84.97,80,9,11.99
392,Coihaique,CL,2021-10-26 23:59:21,-45.5752,-72.0662,55.35,54,75,6.91
393,Norman Wells,CA,2021-10-27 00:00:36,65.282,-126.8329,27.21,95,100,3.6
394,Kousseri,CM,2021-10-27 00:00:38,12.0769,15.0306,79.95,53,86,6.49
395,Burns Lake,CA,2021-10-27 00:00:38,54.2331,-125.7533,43.03,80,94,1.79
396,Houston,US,2021-10-26 23:57:07,29.7633,-95.3633,81.12,79,20,5.99
397,Huarmey,PE,2021-10-27 00:00:40,-10.0681,-78.1522,64.33,84,24,9.44
398,Sitka,US,2021-10-27 00:00:41,57.0531,-135.33,43.79,91,100,6.08
399,Avera,US,2021-10-27 00:00:42,33.194,-82.5271,64.71,57,0,7.05
400,Katangli,RU,2021-10-27 00:00:43,51.7102,143.2326,43.66,66,7,7.58
401,Agadez,NE,2021-10-27 00:00:45,19.75,10.25,80.42,14,0,8.21
402,Bilibino,RU,2021-10-27 00:00:45,68.0546,166.4372,-14.96,99,100,0.54
403,Comodoro Rivadavia,AR,2021-10-27 00:00:42,-45.8667,-67.5,61.95,46,96,27.49
404,Aswan,EG,2021-10-27 00:00:47,24.0934,32.907,77.63,43,14,10.65
405,Dong Hoi,VN,2021-10-27 00:00:47,17.4833,106.6,72.52,90,100,14.45
406,Saint Anthony,US,2021-10-27 00:00:48,45.0205,-93.218,53.92,53,1,1.99
407,Arenillas,ES,2021-10-27 00:00:49,41.3471,-2.8462,40.82,67,42,1.57
408,Birjand,IR,2021-10-27 00:00:50,32.8663,59.2211,49.95,29,0,7.05
409,Sorong,ID,2021-10-27 00:00:50,-0.8833,131.25,82.09,78,85,4.76
410,Pevek,RU,2021-10-27 00:00:27,69.7008,170.3133,10.74,93,100,13.47
411,Vagur,FO,2021-10-27 00:00:52,61.4732,-6.8119,49.66,88,60,26.22
412,Kalmunai,LK,2021-10-27 00:00:52,7.4167,81.8167,76.51,88,99,7.63
413,Wasilla,US,2021-10-26 23:56:16,61.5814,-149.4394,37.02,68,98,4.0
414,Panzhihua,CN,2021-10-27 00:00:54,26.5851,101.7128,62.02,87,69,1.61
415,Koundara,GN,2021-10-27 00:00:55,12.4833,-13.3,75.87,89,86,3.51
416,Baculin,PH,2021-10-27 00:00:56,7.4525,126.5842,83.3,74,81,4.27
417,Barcelos,PT,2021-10-26 23:56:55,41.5388,-8.6151,58.84,64,27,4.38
418,Alta Gracia,AR,2021-10-27 00:00:57,-31.6529,-64.4283,85.89,14,0,6.22
419,Saint-Leu,RE,2021-10-27 00:00:58,-21.15,55.2833,70.66,74,18,3.78
420,Coquimbo,CL,2021-10-26 23:58:59,-29.9533,-71.3436,56.93,88,75,9.22
421,Oil City,US,2021-10-27 00:00:59,41.4339,-79.7064,45.36,89,90,1.99
422,Yatou,CN,2021-10-26 23:59:27,37.15,122.3833,57.78,43,0,11.27
423,Doha,QA,2021-10-27 00:01:01,25.2867,51.5333,80.58,57,0,6.91
424,Port Blair,IN,2021-10-27 00:01:03,11.6667,92.75,80.76,82,70,6.6
425,Morros,BR,2021-10-27 00:01:04,-9.4467,-46.3003,82.67,45,43,5.17
426,Mier,MX,2021-10-27 00:01:05,26.4333,-99.15,95.68,39,5,13.98
427,Santa Isabel Do Rio Negro,BR,2021-10-26 23:58:52,-0.4139,-65.0192,73.53,99,100,0.94
428,Haines Junction,CA,2021-10-27 00:01:06,60.7522,-137.5108,31.51,72,100,1.36
429,Isiro,CD,2021-10-27 00:01:08,2.7739,27.616,65.84,99,100,2.08
430,Anloga,GH,2021-10-27 00:01:08,5.7947,0.8973,80.71,76,77,4.72
431,Chacabuco,AR,2021-10-26 23:58:41,-34.6417,-60.4739,74.28,45,5,9.86
432,Cuiluan,CN,2021-10-27 00:01:10,47.72,128.648,39.38,73,58,6.73
433,Mahibadhoo,MV,2021-10-27 00:01:11,3.7833,72.9667,81.55,77,99,11.88
434,Bulgan,MN,2021-10-27 00:01:12,48.8125,103.5347,35.87,47,8,2.98
435,Kutum,SD,2021-10-27 00:01:13,14.2,24.6667,72.27,25,71,7.83
436,Bahraich,IN,2021-10-27 00:01:15,27.5833,81.6,63.3,74,0,4.63
437,Udachnyy,RU,2021-10-27 00:01:15,66.4167,112.4,-4.52,100,78,3.2
438,Pokhara,NP,2021-10-27 00:01:17,28.2333,83.9833,58.28,48,0,6.93
439,Tazovskiy,RU,2021-10-26 23:59:40,67.4667,78.7,19.92,95,100,10.09
440,Santa Rosalia,MX,2021-10-27 00:01:18,27.3167,-112.2833,72.37,60,0,10.96
441,Pingzhuang,CN,2021-10-27 00:01:19,42.0372,119.2889,43.95,45,0,3.27
442,Asosa,ET,2021-10-27 00:01:20,10.0667,34.5333,60.21,72,78,1.81
443,Rostovka,RU,2021-10-27 00:01:21,55.3842,71.8891,27.59,74,58,9.06
444,Kriva Palanka,MK,2021-10-27 00:01:22,42.2019,22.3319,30.6,77,0,2.8
445,Grand Gaube,MU,2021-10-27 00:01:22,-20.0064,57.6608,73.38,70,5,5.99
446,Pandan,PH,2021-10-27 00:01:24,14.0453,124.1694,80.38,86,95,12.91
447,Sinop,TR,2021-10-27 00:01:24,41.7711,34.8709,40.98,79,1,8.86
448,Galesong,ID,2021-10-27 00:01:25,-5.3166,119.3661,80.62,73,100,1.03
449,Salalah,OM,2021-10-27 00:01:26,17.0151,54.0924,75.87,65,10,2.73
450,Tateyama,JP,2021-10-27 00:01:27,34.9833,139.8667,62.1,77,99,6.06
451,Puerto Leguizamo,CO,2021-10-27 00:01:27,-0.1934,-74.7819,70.79,99,98,1.97
452,Bemidji,US,2021-10-27 00:01:28,47.4736,-94.8803,49.68,56,1,18.41
453,Bartica,GY,2021-10-27 00:01:29,6.4,-58.6167,74.43,98,100,2.51
454,Cabedelo,BR,2021-10-27 00:00:39,-6.9811,-34.8339,78.53,70,6,12.68
455,Edd,ER,2021-10-27 00:01:31,13.9297,41.6925,85.1,54,1,16.49
456,Timizart,DZ,2021-10-27 00:01:31,36.8,4.2667,59.95,81,100,6.04
457,Nelspruit,ZA,2021-10-27 00:01:33,-25.4745,30.9703,63.84,90,82,0.85
458,Ikongo,MG,2021-10-27 00:01:33,-21.8833,47.4333,65.14,91,9,1.92
459,Cristalina,BR,2021-10-27 00:01:32,-16.7686,-47.6136,68.13,80,73,6.51
460,Solwezi,ZM,2021-10-27 00:01:35,-12.1688,26.3894,67.06,54,80,4.12
461,Khasan,RU,2021-10-26 23:56:38,42.4308,130.6434,52.99,51,70,18.19
462,Kloulklubed,PW,2021-10-27 00:01:36,7.0419,134.2556,84.09,71,62,9.24
463,Tuni,IN,2021-10-27 00:01:38,17.35,82.55,72.59,78,57,4.32
464,Pimentel,PE,2021-10-27 00:01:38,-6.8367,-79.9342,64.0,84,39,11.83
465,Urambo,TZ,2021-10-27 00:01:38,-5.0667,32.05,76.39,36,84,10.33
466,Muros,ES,2021-10-26 23:59:31,42.7762,-9.0603,61.84,95,60,4.47
467,Sawtell,AU,2021-10-27 00:01:40,-30.3833,153.1,77.18,69,40,14.97
468,Verkhoyansk,RU,2021-10-27 00:01:41,67.5447,133.385,-2.06,98,88,1.39
469,College,US,2021-10-26 23:59:00,64.8569,-147.8028,32.2,91,90,0.0
470,Havre-Saint-Pierre,CA,2021-10-27 00:01:42,50.2334,-63.5986,43.61,65,11,9.08
471,Upernavik,GL,2021-10-26 23:58:55,72.7868,-56.1549,16.09,47,44,3.94
472,Ihosy,MG,2021-10-27 00:01:43,-22.4,46.1167,66.72,86,38,3.53
473,Barabai,ID,2021-10-27 00:01:45,-2.5833,115.3833,80.65,82,89,1.1
474,Pouebo,NC,2021-10-27 00:01:45,-20.4,164.5667,79.9,67,92,6.76
475,Ugoofaaru,MV,2021-10-27 00:01:45,5.6667,73.0,80.13,80,98,7.58
476,Balkanabat,TM,2021-10-27 00:01:47,39.5108,54.3671,49.98,77,100,9.78
477,Puerto Cabezas,NI,2021-10-27 00:00:16,14.0351,-83.3888,79.12,84,50,6.02
478,Beya,RU,2021-10-27 00:01:48,53.0533,90.9139,46.78,50,78,14.63
479,Santiago De Cao,PE,2021-10-27 00:01:49,-7.9589,-79.2392,62.91,87,67,9.86
480,Celestun,MX,2021-10-27 00:01:50,20.8667,-90.4,83.17,79,91,10.33
481,Makushino,RU,2021-10-27 00:01:51,55.2103,67.2442,29.8,65,87,10.42
482,Hurghada,EG,2021-10-27 00:00:23,27.2574,33.8129,73.24,49,0,14.63
483,Christchurch,NZ,2021-10-26 23:58:59,-43.5333,172.6333,67.91,73,90,3.0
484,Palestine,PS,2021-10-26 23:58:10,31.9216,35.2033,58.95,90,0,3.89
485,Gardner,US,2021-10-27 00:01:54,42.5751,-71.9981,52.11,94,90,1.99
486,Galle,LK,2021-10-26 23:59:50,6.0367,80.217,76.01,83,98,6.02
487,Yuanping,CN,2021-10-27 00:01:56,38.7153,112.7575,45.27,41,80,2.68
488,Shache,CN,2021-10-27 00:01:56,38.4167,77.2406,44.58,42,8,0.18
489,Tambopata,PE,2021-10-27 00:01:57,-12.7333,-69.1833,77.05,58,63,3.33
490,Lavrentiya,RU,2021-10-27 00:01:58,65.5833,-171.0,14.14,73,60,6.26
491,Namtsy,RU,2021-10-27 00:01:59,62.7161,129.6658,23.11,96,99,2.08
492,Marsh Harbour,BS,2021-10-27 00:01:59,26.5412,-77.0636,81.1,76,11,8.52
493,Umm Lajj,SA,2021-10-26 23:58:55,25.0213,37.2685,78.91,57,1,5.66
494,Ostercappeln,DE,2021-10-27 00:02:01,52.35,8.2333,54.55,87,100,15.19
495,Berlevag,NO,2021-10-27 00:02:03,70.8578,29.0864,33.98,56,100,22.55
496,Starokostyantyniv,UA,2021-10-27 00:02:03,49.7576,27.2034,36.14,83,52,7.9
497,Baykit,RU,2021-10-27 00:02:04,61.67,96.37,37.2,96,100,12.26
498,Daru,PG,2021-10-27 00:02:05,-9.0763,143.2092,85.41,69,46,12.88
499,Arawa,PG,2021-10-27 00:02:06,-6.2132,155.5367,85.69,64,42,3.06
500,Dabrowa Tarnowska,PL,2021-10-27 00:02:08,50.1746,20.9863,46.69,62,100,7.4
501,Hasaki,JP,2021-10-27 00:02:08,35.7333,140.8333,57.6,66,70,8.57
502,Antalaha,MG,2021-10-26 23:59:19,-14.9003,50.2788,69.03,82,12,6.53
503,Coruripe,BR,2021-10-27 00:02:10,-10.1256,-36.1756,76.28,82,11,10.07
504,Rudnyy,KZ,2021-10-27 00:02:12,52.9594,63.1206,26.83,62,33,10.6
505,Mandera,KE,2021-10-27 00:02:13,3.9366,41.867,80.02,61,76,17.25
506,Bani,DO,2021-10-27 00:02:13,18.2833,-70.3333,78.26,81,19,3.53
507,Ahuimanu,US,2021-10-26 23:59:30,21.4447,-157.8378,83.86,63,75,9.22
508,Staraya Poltavka,RU,2021-10-27 00:02:15,50.4772,46.4814,33.78,60,19,8.61
509,Aklavik,CA,2021-10-27 00:02:15,68.2191,-135.0107,26.6,93,90,0.0
510,Liverpool,GB,2021-10-26 23:59:09,53.4106,-2.9779,61.77,76,99,7.0
511,Taft,IR,2021-10-27 00:02:17,31.7471,54.2088,51.87,27,0,4.61
512,Matay,EG,2021-10-27 00:02:17,28.419,30.7792,69.53,60,0,9.95
513,Mochishche,RU,2021-10-27 00:02:19,55.1586,83.1229,29.03,58,63,13.51
514,Banes,CU,2021-10-27 00:02:20,20.9625,-75.7186,78.28,83,79,3.96
515,Dibulla,CO,2021-10-27 00:02:20,11.2725,-73.3091,80.19,85,70,6.58
516,Shurugwi,ZW,2021-10-27 00:02:21,-19.6702,30.0059,59.61,86,34,10.33
517,Dzidzantun,MX,2021-10-27 00:02:22,21.25,-89.05,81.64,78,98,5.12
518,Rodrigues Alves,BR,2021-10-27 00:02:22,-7.738,-72.6509,73.54,84,92,0.76
519,Cidreira,BR,2021-10-27 00:02:24,-30.1811,-50.2056,69.19,72,0,10.83
520,Bikaner,IN,2021-10-27 00:00:19,28.0167,73.3,71.6,31,0,4.43
521,Morales,CO,2021-10-27 00:02:24,2.757,-76.6172,61.88,97,98,1.83
522,Shahrud,IR,2021-10-27 00:02:26,36.4182,54.9763,46.83,75,84,10.98
523,Paamiut,GL,2021-10-27 00:00:33,61.994,-49.6678,37.29,54,0,7.38
524,Siilinjarvi,FI,2021-10-27 00:02:27,63.0833,27.6667,44.62,93,75,8.05
525,Mufumbwe,ZM,2021-10-27 00:02:28,-13.6833,24.8,65.88,71,81,3.44
526,Ystad,SE,2021-10-27 00:02:29,55.4297,13.8204,52.54,91,99,14.43
527,Darhan,MN,2021-10-27 00:02:29,49.4867,105.9228,35.17,58,5,6.89
528,Teguise,ES,2021-10-27 00:02:31,29.0605,-13.564,66.42,68,40,5.75
529,Lusambo,CD,2021-10-27 00:02:31,-4.9667,23.45,68.88,96,82,1.61
530,Acheng,CN,2021-10-27 00:02:31,45.5454,126.977,41.65,61,11,8.68
531,Rodos,GR,2021-10-27 00:02:33,36.4408,28.2225,65.86,64,40,3.0
532,Manggar,ID,2021-10-27 00:02:33,-2.8833,108.2667,81.59,77,67,1.5
533,Batemans Bay,AU,2021-10-27 00:02:35,-35.7167,150.1833,75.2,49,52,5.93
534,Olafsvik,IS,2021-10-26 23:57:53,64.8945,-23.7142,41.95,87,100,36.66
535,Itarema,BR,2021-10-27 00:02:36,-2.9248,-39.9167,80.08,76,11,16.37
536,Sudak,UA,2021-10-27 00:02:37,44.85,34.9667,47.59,76,21,5.77
537,Kovernino,RU,2021-10-27 00:02:38,57.1253,43.8142,34.11,89,99,7.9
538,Grand-Santi,GF,2021-10-27 00:02:38,4.25,-54.3833,75.74,87,67,3.44
539,Fare,PF,2021-10-27 00:00:43,-16.7,-151.0167,79.25,74,57,6.51
540,Puerto Montt,CL,2021-10-27 00:02:21,-41.4698,-72.9447,51.6,87,18,5.28
541,Tonekabon,IR,2021-10-27 00:02:41,36.8163,50.8738,55.04,91,100,5.32
542,Payakumbuh,ID,2021-10-27 00:02:42,-0.2202,100.6308,70.9,95,98,2.68
543,Moerai,PF,2021-10-26 23:59:35,-22.4333,-151.3333,73.63,75,95,23.0
544,Hobyo,SO,2021-10-27 00:02:43,5.3505,48.5268,80.2,76,64,7.56
545,Kars,TR,2021-10-27 00:02:44,40.602,43.095,20.25,79,0,0.0
546,Porbandar,IN,2021-10-27 00:02:45,21.6422,69.6093,78.06,53,5,9.53
547,Tezu,IN,2021-10-27 00:02:47,27.9167,96.1667,65.3,56,0,4.18
548,Zaykovo,RU,2021-10-27 00:02:47,57.5613,62.7568,29.93,95,89,6.69
549,Omboue,GA,2021-10-27 00:02:49,-1.5746,9.2618,75.96,89,94,7.14
550,Margate,GB,2021-10-27 00:02:49,51.3813,1.3862,60.51,82,87,3.0
551,Mormugao,IN,2021-10-27 00:02:50,15.4,73.8,75.79,70,2,9.28
552,Antsla,EE,2021-10-27 00:02:52,57.8256,26.5406,46.15,97,100,9.75
553,Klyuchevsk,RU,2021-10-27 00:02:52,57.1216,60.9414,31.93,88,99,8.77
554,Pirovskoye,RU,2021-10-27 00:02:54,57.6267,92.2658,36.48,66,85,19.8
555,Carauari,BR,2021-10-27 00:02:54,-4.8828,-66.8958,74.08,96,71,2.35
556,Itaueira,BR,2021-10-27 00:02:56,-7.6033,-43.0256,86.67,35,43,10.67
557,Yumbing,PH,2021-10-27 00:02:56,9.2393,124.6578,80.19,83,100,1.97
558,Baoqing,CN,2021-10-27 00:02:57,46.3317,132.2111,47.86,66,44,6.42
559,Brigantine,US,2021-10-27 00:00:02,39.4101,-74.3646,56.01,83,84,20.29
560,Faya,SA,2021-10-27 00:02:59,18.3851,42.4509,59.52,69,4,2.62
561,Rio Cuarto,AR,2021-10-27 00:03:01,-33.1307,-64.3499,76.84,14,4,14.74
562,Imeni Poliny Osipenko,RU,2021-10-27 00:03:01,52.4201,136.4853,36.75,85,100,3.04
563,Homer,US,2021-10-27 00:00:23,59.6425,-151.5483,41.81,73,90,15.99
564,Mattru,SL,2021-10-27 00:03:06,7.6244,-11.8332,73.87,95,97,1.32
565,Klaeng,TH,2021-10-27 00:03:06,12.7797,101.6483,80.94,86,76,5.39
566,Jinchang,CN,2021-10-27 00:03:07,38.4953,102.1739,38.61,78,26,3.62
567,Tura,IN,2021-10-27 00:03:08,25.5198,90.2201,64.99,92,0,3.49
568,Nhulunbuy,AU,2021-10-27 00:03:10,-12.2333,136.7667,88.41,62,40,11.5
569,Kohtla-Jarve,EE,2021-10-27 00:03:10,59.3986,27.2731,46.13,91,100,10.07
570,Acapulco,MX,2021-10-26 23:58:56,16.8634,-99.8901,81.14,85,52,4.83
571,High Rock,BS,2021-10-27 00:03:12,26.6208,-78.2833,80.62,74,6,7.65
572,Touros,BR,2021-10-27 00:03:13,-5.1989,-35.4608,79.03,75,11,15.37
573,Besancon,FR,2021-10-27 00:03:13,47.2488,6.0182,47.19,100,68,2.33
574,Bahia Blanca,AR,2021-10-27 00:03:14,-38.7196,-62.2724,76.32,19,3,6.6
575,Belaya Gora,RU,2021-10-27 00:03:15,68.5333,146.4167,-7.28,99,80,1.99
576,Nebolchi,RU,2021-10-27 00:03:17,59.1239,33.3454,35.92,94,100,8.16
577,Kushima,JP,2021-10-27 00:03:17,31.4583,131.2333,67.41,61,68,5.32
578,Prachuap Khiri Khan,TH,2021-10-27 00:03:19,12.2167,99.75,71.96,89,90,3.04
579,Yahotyn,UA,2021-10-27 00:03:19,50.2798,31.7625,35.51,69,14,10.45
580,Umm Kaddadah,SD,2021-10-26 23:58:32,13.6017,26.6876,80.92,22,34,11.3
581,Guerrero Negro,MX,2021-10-27 00:03:21,27.9769,-114.0611,67.86,63,0,19.75
582,Manta,EC,2021-10-27 00:03:22,-0.95,-80.7333,74.98,83,90,8.05
